Surname;Lastname
Eoin;Keller
Kamran;Adamson
Humayra;Murillo
Loki;Conley
Arooj;Knapp
Miyah;Ray
Maci;Brett
Humera;Harmon
Said;Sharma
Vijay;Lamb
Cayson;Humphries
Grover;Tate
Skye;Powers
Ashlea;Cornish
Melina;Wiley
Dolores;Weston
Aniyah;Sawyer
Maverick;Mccoy
Adyan;Bates
Jolene;O'Gallagher
Rihanna;Calhoun
River;Pemberton
Raja;Nichols
Beverley;Elliott
Shani;Huynh
Keir;Britton
Kingsley;Whitehouse
Saqib;Ferreira
Arya;Hulme
Tom;Cain
Pheobe;Valdez
Eshaan;Cervantes
Emil;Graves
Tymoteusz;Dunlap
Gabrielius;Peck
Kelsi;Chung
Ellie;Navarro
Demi-Leigh;Handley
Damian;Haas
Aaron;Torres
Tyla;Robson
Arthur;Herbert
Fiona;Steele
Lynn;Corona
Nel;Rossi
Derek;Dunn
Suranne;Gallegos
Rayhan;Fitzgerald
Rafi;Thompson
Kamal;Kinney
Jarrod;Palmer
Chris;Winters
Saanvi;Bloom
Lillie-Mai;Carter
Harun;Franklin
Kallum;Clegg
Kelsey;Chapman
Rhia;Jimenez
Skylar;Strickland
Elliott;Cousins
Alaina;Diaz
Matthias;Zavala
Morgan;Burke
Helen;Bloggs
Faye;Lynch
Jaydon;Byrd
Janice;Spears
Mark;Wheeler
Carrie;Franks
Harriette;Durham
Mahi;Edge
Elly;John
Milton;Travis
Calum;Schofield
Winston;Cairns
Jesus;Davenport
Aahil;Hahn
Donnell;Wilder
Theresa;Whyte
Aqsa;Arellano
Aron;Oconnor
Livia;Maguire
Rhiannan;Cross
Corrie;Tapia
Paisley;Lennon
Abdur-Rahman;Alvarez
Tudor;Sanford
Olaf;Bains
Mahir;Cooley
Fardeen;Dodd
Loui;Brookes
Ella-Rose;Novak
Rhiann;Colon
Zach;Mccabe
Dominik;Joseph
Ptolemy;Flower
Sebastien;Haynes
Marian;Greenaway
Azaan;Fraser
Kush;Silva
Carol;Turnbull
Tyla;Trujillo
Scarlette;Maldonado
Bryony;Melendez
Ceri;Stubbs
Vernon;Campos
Rohit;Lara
Terri;Craig
Aurelia;Travis
Jamil;Cash
Giacomo;Erickson
Jeremiah;Fleming
Jemimah;Connelly
Akeem;Strong
Fynn;Sadler
Lilith;Franks
Susan;Parkinson
Mahdi;Woods
Aiden;Santos
Amina;Iles
Hywel;Mair
Ellie-May;Derrick
Christina;Hickman
Kristy;Mellor
Bilal;Hebert
Sumaiya;Mckay
Rui;Mcfarland
Shayla;Morton
Morris;Bloom
Elizabeth;Andersen
Murphy;Fuller
Lillie-May;Montgomery
Kavan;Sinclair
Levi;Knott
Maksim;Hicks
Sneha;Mack
Priyanka;Hardy
Jadene;Bain
Hebe;Craft
Lianne;Brewer
Malcolm;Redman
Kain;Schroeder
Lidia;Barnett
Lisa-Marie;Howells
Vicky;Black
Lacey-Mae;Knox
Kimberley;Duncan
Eryk;Hyde
Karim;Hester
Lorcan;Livingston
Cecil;Barnard
Ruben;Galvan
Lily-May;Chadwick
Adelina;Molloy
Haydn;Whittaker
Iosif;Lees
Eoin;Grant
Aidan;Mcloughlin
Jevon;Lester
Usamah;Dale
Stanley;Kidd
Ruby-Leigh;Powers
Keyaan;Begum
Leland;Walton
Yaqub;Gill
Shannan;Morse
Salahuddin;Moore
King;Mackay
Pheobe;Mckinney
Jacob;Dunlap
Faizaan;Conley
Abdur;Frame
Evie-Rose;Gross
Colette;Mccartney
Lia;Medrano
Ella-Mae;Sheridan
Yousaf;Dupont
Bronwen;Rocha
Niyah;Truong
Antony;Childs
Franco;Gough
Ishaq;Trejo
Ananya;Moran
Efa;Searle
Ellesse;Hodges
Franky;Mcdaniel
Rohaan;Tran
Rafe;Burt
Rhea;Mosley
Yehuda;Carlson
Chardonnay;Christie
Junayd;Leon
Jaydn;Salgado
Noa;Abbott
Arslan;Davenport
Nel;Santiago
Rodney;Naylor
Gregor;Morrow
Cecily;Bains
Latisha;Felix
Irfan;Ferry
Mathilde;North
Harry;Murphy
Alima;Tate
Iga;Cassidy
Benny;Barry
Mylo;Dunkley
Gene;Duggan
Della;Reeve
Hal;Childs
Jude;Harper
Jasmin;Dickinson
Katarina;Sadler
Ellenor;Avery
Wilbur;Schneider
Lilia;Dixon
Inaya;Hahn
Elle-May;Preston
Vinny;Palmer
Toni;Neale
Vladimir;Kaur
Preston;Sears
Ruby;Hobbs
Nasir;Parks
Lachlan;Goodwin
Georga;Edwards
Kaeden;Hess
Roxie;Blundell
Aviana;Francis
Noel;Goldsmith
Deniz;Heaton
Kamil;Nolan
Anand;Bloom
Faith;Colley
Ismail;Kirkland
Kayan;Mackie
Tayah;Pickett
Sanaya;Downs
Wyatt;Chen
Mari;Kavanagh
Shyam;Stacey
Collette;Wilks
Ishaaq;Gibson
Lina;Payne
Naya;Stark
Codie;Bailey
Haseeb;Franklin
Rowan;Bob
Aras;Markham
Brandy;Conroy
